pick_index,target,local_index,q1,q2,q3,q4,q5,q6
0,carton_front_l2_c0,0,-0.2266,-2.6381,0.8952,-0.3257,0.1211,0.3615
0,carton_front_l2_c0,1,-0.23694347924759399,-2.623736194128658,0.8630697364114719,-0.34289800152295763,0.10131293740944682,0.3220104301879116
0,carton_front_l2_c0,2,-0.24728695849518798,-2.609372388257316,0.8309394728229439,-0.3600960030459153,0.08152587481889362,0.28252086037582314
0,carton_front_l2_c0,3,-0.25763043774278194,-2.595008582385974,0.7988092092344158,-0.37729400456887296,0.06173881222834044,0.24303129056373474
0,carton_front_l2_c0,4,-0.2679739169903759,-2.580644776514632,0.7666789456458877,-0.39449200609183066,0.04195174963778725,0.2035417207516463
0,carton_front_l2_c0,5,-0.2783173962379699,-2.5662809706432905,0.7345486820573597,-0.4116900076147883,0.022164687047234066,0.1640521509395579
0,carton_front_l2_c0,6,-0.2886608754855639,-2.5519171647719485,0.7024184184688316,-0.42888800913774594,0.0023776244566808824,0.12456258112746948
0,carton_front_l2_c0,7,-0.2990043547331579,-2.5375533589006065,0.6702881548803035,-0.44608601066070364,-0.017409438133872315,0.08507301131538103
0,carton_front_l2_c0,8,-0.3093478339807519,-2.5231895530292645,0.6381578912917754,-0.4632840121836613,-0.0371965007244255,0.04558344150329263
0,carton_front_l2_c0,9,-0.3196913132283459,-2.5088257471579225,0.6060276277032474,-0.4804820137066189,-0.05698356331497868,0.0060938716912042334
0,carton_front_l2_c0,10,-0.33003479247593986,-2.4944619412865805,0.5738973641147194,-0.4976800152295766,-0.07677062590553187,-0.033395698120884165
0,carton_front_l2_c0,11,-0.34037827172353385,-2.4800981354152385,0.5417671005261913,-0.5148780167525342,-0.09655768849608505,-0.07288526793297262
0,carton_front_l2_c0,12,-0.35072175097112784,-2.4657343295438965,0.5096368369376632,-0.5320760182754919,-0.11634475108663823,-0.11237483774506102
0,carton_front_l2_c0,13,-0.36106523021872183,-2.4513705236725545,0.47750657334913504,-0.5492740197984496,-0.13613181367719146,-0.15186440755714953
0,carton_front_l2_c0,14,-0.3714087094663158,-2.437006717801213,0.445376309760607,-0.5664720213214072,-0.15591887626774464,-0.19135397736923793
0,carton_front_l2_c0,15,-0.3817521887139098,-2.422642911929871,0.41324604617207894,-0.583670022844365,-0.17570593885829783,-0.23084354718132633
0,carton_front_l2_c0,16,-0.39209566796150375,-2.408279106058529,0.38111578258355083,-0.6008680243673226,-0.195493001448851,-0.2703331169934147
0,carton_front_l2_c0,17,-0.4024391472090978,-2.393915300187187,0.3489855189950227,-0.6180660258902803,-0.2152800640394042,-0.30982268680550323
0,carton_front_l2_c0,18,-0.4127826264566917,-2.379551494315845,0.31685525540649473,-0.635264027413238,-0.23506712662995738,-0.3493122566175915
0,carton_front_l2_c0,19,-0.42312610570428577,-2.365187688444503,0.28472499181796673,-0.6524620289361955,-0.25485418922051056,-0.3888018264296799
0,carton_front_l2_c0,20,-0.4334695849518797,-2.350823882573161,0.2525947282294386,-0.6696600304591531,-0.27464125181106375,-0.4282913962417683
0,carton_front_l2_c0,21,-0.44381306419947375,-2.336460076701819,0.22046446464091052,-0.6868580319821109,-0.294428314401617,-0.46778096605385683
0,carton_front_l2_c0,22,-0.4541565434470677,-2.3220962708304773,0.1883342010523824,-0.7040560335050685,-0.3142153769921701,-0.5072705358659453
0,carton_front_l2_c0,23,-0.46450002269466173,-2.3077324649591353,0.15620393746385441,-0.7212540350280261,-0.3340024395827233,-0.5467601056780336
0,carton_front_l2_c0,24,-0.47484350194225566,-2.2933686590877933,0.1240736738753263,-0.7384520365509839,-0.3537895021732765,-0.5862496754901221
0,carton_front_l2_c0,25,-0.4851869811898497,-2.2790048532164513,0.0919434102867982,-0.7556500380739415,-0.3735765647638297,-0.6257392453022106
0,carton_front_l2_c0,26,-0.49553046043744364,-2.2646410473451093,0.05981314669827009,-0.7728480395968992,-0.3933636273543829,-0.6652288151142991
0,carton_front_l2_c0,27,-0.5058739396850377,-2.2502772414737673,0.027682883109742096,-0.7900460411198569,-0.4131506899449361,-0.7047183849263874
0,carton_front_l2_c0,28,-0.5162174189326316,-2.2359134356024253,-0.004447380478786012,-0.8072440426428145,-0.4329377525354893,-0.7442079547384759
0,carton_front_l2_c0,29,-0.5265608981802256,-2.2215496297310833,-0.03657764406731401,-0.824442044165772,-0.45272481512604246,-0.7836975245505642
0,carton_front_l2_c0,30,-0.5369043774278196,-2.2071858238597413,-0.06870790765584212,-0.8416400456887299,-0.47251187771659564,-0.8231870943626527
0,carton_front_l2_c0,31,-0.5472478566754136,-2.1928220179883997,-0.10083817124437022,-0.8588380472116874,-0.4922989403071488,-0.8626766641747412
0,carton_front_l2_c0,32,-0.5575913359230076,-2.1784582121170577,-0.13296843483289833,-0.8760360487346451,-0.512086002897702,-0.9021662339868295
0,carton_front_l2_c0,33,-0.5679348151706015,-2.1640944062457157,-0.16509869842142622,-0.8932340502576027,-0.5318730654882552,-0.9416558037989178
0,carton_front_l2_c0,34,-0.5782782944181956,-2.1497306003743737,-0.19722896200995454,-0.9104320517805605,-0.5516601280788084,-0.9811453736110065
0,carton_front_l2_c0,35,-0.5886217736657895,-2.1353667945030317,-0.22935922559848243,-0.9276300533035181,-0.5714471906693614,-1.0206349434230946
0,carton_front_l2_c0,36,-0.5989652529133835,-2.1210029886316897,-0.26148948918701054,-0.9448280548264758,-0.5912342532599147,-1.060124513235183
0,carton_front_l2_c0,37,-0.6093087321609776,-2.1066391827603477,-0.29361975277553864,-0.9620260563494335,-0.611021315850468,-1.0996140830472718
0,carton_front_l2_c0,38,-0.6196522114085715,-2.0922753768890057,-0.32575001636406653,-0.9792240578723911,-0.6308083784410211,-1.1391036528593599
0,carton_front_l2_c0,39,-0.6299956906561655,-2.0779115710176637,-0.35788027995259486,-0.9964220593953488,-0.6505954410315743,-1.1785932226714484
0,carton_front_l2_c0,40,-0.6403391699037595,-2.063547765146322,-0.39001054354112275,-1.0136200609183064,-0.6703825036221275,-1.2180827924835367
0,carton_front_l2_c0,41,-0.6506826491513534,-2.0491839592749796,-0.42214080712965085,-1.0308180624412642,-0.6901695662126807,-1.2575723622956252
0,carton_front_l2_c0,42,-0.6610261283989475,-2.034820153403638,-0.45427107071817896,-1.0480160639642218,-0.709956628803234,-1.2970619321077137
0,carton_front_l2_c0,43,-0.6713696076465414,-2.020456347532296,-0.48640133430670707,-1.0652140654871793,-0.729743691393787,-1.336551501919802
0,carton_front_l2_c0,44,-0.6817130868941355,-2.006092541660954,-0.5185315978952352,-1.0824120670101371,-0.7495307539843402,-1.3760410717318905
0,carton_front_l2_c0,45,-0.6920565661417295,-1.991728735789612,-0.5506618614837633,-1.0996100685330947,-0.7693178165748935,-1.415530641543979
0,carton_front_l2_c0,46,-0.7024000453893234,-1.97736492991827,-0.5827921250722912,-1.1168080700560523,-0.7891048791654466,-1.4550202113560673
0,carton_front_l2_c0,47,-0.7127435246369174,-1.963001124046928,-0.6149223886608195,-1.1340060715790101,-0.8088919417559999,-1.4945097811681558
0,carton_front_l2_c0,48,-0.7230870038845113,-1.9486373181755863,-0.6470526522493474,-1.1512040731019677,-0.828679004346553,-1.533999350980244
0,carton_front_l2_c0,49,-0.7334304831321053,-1.9342735123042443,-0.6791829158378755,-1.1684020746249253,-0.8484660669371061,-1.5734889207923326
0,carton_front_l2_c0,50,-0.7437739623796994,-1.9199097064329023,-0.7113131794264036,-1.185600076147883,-0.8682531295276594,-1.6129784906044211
0,carton_front_l2_c0,51,-0.7541174416272933,-1.9055459005615605,-0.7434434430149315,-1.2027980776708407,-0.8880401921182126,-1.6524680604165094
0,carton_front_l2_c0,52,-0.7644609208748874,-1.8911820946902185,-0.7755737066034598,-1.2199960791937983,-0.9078272547087658,-1.6919576302285981
0,carton_front_l2_c0,53,-0.7748044001224813,-1.8768182888188765,-0.8077039701919877,-1.237194080716756,-0.927614317299319,-1.7314472000406864
0,carton_front_l2_c0,54,-0.7851478793700754,-1.8624544829475345,-0.8398342337805158,-1.2543920822397137,-0.9474013798898722,-1.7709367698527747
0,carton_front_l2_c0,55,-0.7954913586176694,-1.8480906770761925,-0.8719644973690439,-1.2715900837626712,-0.9671884424804253,-1.8104263396648634
0,carton_front_l2_c0,56,-0.8058348378652633,-1.8337268712048505,-0.904094760957572,-1.288788085285629,-0.9869755050709785,-1.8499159094769517
0,carton_front_l2_c0,57,-0.8161783171128573,-1.8193630653335084,-0.9362250245461001,-1.3059860868085866,-1.0067625676615317,-1.88940547928904
0,carton_front_l2_c0,58,-0.8265217963604512,-1.8049992594621667,-0.968355288134628,-1.3231840883315442,-1.026549630252085,-1.9288950491011283
0,carton_front_l2_c0,59,-0.8368652756080452,-1.7906354535908249,-1.0004855517231561,-1.340382089854502,-1.046336692842638,-1.968384618913217
0,carton_front_l2_c0,60,-0.8472087548556393,-1.7762716477194829,-1.0326158153116842,-1.3575800913774598,-1.0661237554331913,-2.0078741887253053
0,carton_front_l2_c0,61,-0.8575522341032332,-1.7619078418481409,-1.0647460789002123,-1.3747780929004172,-1.0859108180237445,-2.0473637585373936
0,carton_front_l2_c0,62,-0.8678957133508273,-1.7475440359767989,-1.0968763424887404,-1.391976094423375,-1.1056978806142976,-2.0868533283494823
0,carton_front_l2_c0,63,-0.8782391925984212,-1.7331802301054569,-1.1290066060772688,-1.4091740959463328,-1.1254849432048508,-2.1263428981615706
0,carton_front_l2_c0,64,-0.8885826718460151,-1.7188164242341148,-1.1611368696657967,-1.4263720974692902,-1.145272005795404,-2.165832467973659
0,carton_front_l2_c0,65,-0.8989261510936092,-1.7044526183627728,-1.1932671332543245,-1.443570098992248,-1.1650590683859572,-2.2053220377857476
0,carton_front_l2_c0,66,-0.9092696303412031,-1.690088812491431,-1.2253973968428524,-1.4607681005152053,-1.1848461309765104,-2.2448116075978355
0,carton_front_l2_c0,67,-0.9196131095887972,-1.675725006620089,-1.2575276604313808,-1.4779661020381631,-1.2046331935670636,-2.284301177409924
0,carton_front_l2_c0,68,-0.9529218526521718,-1.6883069424821362,-1.29730975056722,-1.4810765640665393,-1.2265865954489907,-2.290382556827562
0,carton_front_l2_c0,69,-0.9862305957155464,-1.7008888783441836,-1.3370918407030592,-1.4841870260949157,-1.248539997330918,-2.2964639362452
0,carton_front_l2_c0,70,-1.019539338778921,-1.7134708142062307,-1.3768739308388986,-1.4872974881232919,-1.270493399212845,-2.302545315662838
0,carton_front_l2_c0,71,-1.0528480818422956,-1.7260527500682779,-1.4166560209747379,-1.4904079501516683,-1.2924468010947723,-2.308626695080476
0,carton_front_l2_c0,72,-1.0861568249056701,-1.738634685930325,-1.456438111110577,-1.4935184121800444,-1.3144002029766995,-2.314708074498114
0,carton_front_l2_c0,73,-1.1194655679690446,-1.7512166217923724,-1.4962202012464163,-1.4966288742084208,-1.3363536048586266,-2.3207894539157516
0,carton_front_l2_c0,74,-1.1527743110324193,-1.7637985576544195,-1.5360022913822555,-1.499739336236797,-1.3583070067405538,-2.32687083333339
0,carton_front_l2_c0,75,-1.1860830540957938,-1.7763804935164667,-1.5757843815180947,-1.5028497982651734,-1.380260408622481,-2.3329522127510276
0,carton_front_l2_c0,76,-1.2193917971591683,-1.7889624293785138,-1.615566471653934,-1.5059602602935496,-1.4022138105044082,-2.339033592168666
0,carton_front_l2_c0,77,-1.252700540222543,-1.8015443652405612,-1.6553485617897734,-1.5090707223219257,-1.4241672123863354,-2.3451149715863036
0,carton_front_l2_c0,78,-1.2860092832859178,-1.8141263011026083,-1.6951306519256126,-1.5121811843503021,-1.4461206142682625,-2.3511963510039413
0,carton_front_l2_c0,79,-1.319318026349292,-1.8267082369646555,-1.7349127420614519,-1.5152916463786783,-1.4680740161501895,-2.3572777304215795
0,carton_front_l2_c0,80,-1.3526267694126668,-1.8392901728267028,-1.774694832197291,-1.5184021084070547,-1.4900274180321167,-2.3633591098392173
0,carton_front_l2_c0,81,-1.3859355124760415,-1.85187210868875,-1.8144769223331303,-1.5215125704354309,-1.5119808199140439,-2.369440489256855
0,carton_front_l2_c0,82,-1.419244255539416,-1.864454044550797,-1.8542590124689697,-1.5246230324638073,-1.533934221795971,-2.375521868674493
0,carton_front_l2_c0,83,-1.4525529986027905,-1.8770359804128443,-1.8940411026048087,-1.5277334944921834,-1.5558876236778982,-2.381603248092131
0,carton_front_l2_c0,84,-1.4858617416661652,-1.8896179162748916,-1.9338231927406482,-1.5308439565205598,-1.5778410255598254,-2.387684627509769
0,carton_front_l2_c0,85,-1.5191704847295397,-1.9021998521369388,-1.9736052828764874,-1.533954418548936,-1.5997944274417526,-2.393766006927407
0,carton_front_l2_c0,86,-1.5432638492710864,-1.9026790479081972,-1.972885278145575,-1.5502640910938308,-1.5822036748474804,-2.3935938524241474
0,carton_front_l2_c0,87,-1.5673572138126333,-1.9031582436794554,-1.9721652734146626,-1.5665737636387254,-1.5646129222532084,-2.3934216979208873
0,carton_front_l2_c0,88,-1.59145057835418,-1.9036374394507138,-1.9714452686837503,-1.5828834361836202,-1.5470221696589361,-2.3932495434176277
0,carton_front_l2_c0,89,-1.6155439428957266,-1.904116635221972,-1.9707252639528379,-1.599193108728515,-1.5294314170646641,-2.393077388914368
0,carton_front_l2_c0,90,-1.6396373074372732,-1.9045958309932305,-1.9700052592219255,-1.6155027812734097,-1.511840664470392,-2.3929052344111086
0,carton_front_l2_c0,91,-1.66373067197882,-1.9050750267644887,-1.969285254491013,-1.6318124538183043,-1.4942499118761199,-2.3927330799078486
0,carton_front_l2_c0,92,-1.6878240365203667,-1.9055542225357471,-1.9685652497601007,-1.648122126363199,-1.4766591592818477,-2.392560925404589
0,carton_front_l2_c0,93,-1.6515593726534838,-1.9005763095636556,-1.9665338901481404,-1.623190217674591,-1.4969445639234475,-2.39051622943588
0,carton_front_l2_c0,94,-1.6187715784118626,-1.899947848136351,-1.969879603379701,-1.601657423723334,-1.5228670925772232,-2.391456625043197
0,carton_front_l2_c0,95,-1.5857753925370202,-1.8999867107600663,-1.9722995118645024,-1.579695508900633,-1.54870587944976,-2.392200123529829
0,carton_front_l2_c0,96,-1.5526924617991555,-1.9006816590701954,-1.973691085477786,-1.5575665171928728,-1.5745053046559385,-2.3927758412705553
0,carton_front_l2_c0,97,-1.5195984340835755,-1.9020291578152175,-1.9740549899128665,-1.5353262638825687,-1.6002259108913877,-2.393189532638277
0,carton_front_l2_c0,98,-1.5056104081882373,-1.8889161757196529,-1.9533105930680847,-1.5005296048033645,-1.5934213081529314,-2.414283245686396
0,carton_front_l2_c0,99,-1.4916223822928993,-1.875803193624088,-1.9325661962233027,-1.4657329457241601,-1.586616705414475,-2.4353769587345147
0,carton_front_l2_c0,100,-1.4776343563975611,-1.8626902115285233,-1.911821799378521,-1.430936286644956,-1.5798121026760188,-2.4564706717826335
0,carton_front_l2_c0,101,-1.4636463305022231,-1.8495772294329584,-1.891077402533739,-1.3961396275657516,-1.5730074999375625,-2.4775643848307523
0,carton_front_l2_c0,102,-1.449658304606885,-1.8364642473373938,-1.870333005688957,-1.3613429684865475,-1.5662028971991062,-2.498658097878871
0,carton_front_l2_c0,103,-1.4100053174125886,-1.8513845951949162,-1.867164794348244,-1.3474828268059145,-1.6048170279630984,-2.4866618356622903
0,carton_front_l2_c0,104,-1.3703523302182923,-1.8663049430524388,-1.8639965830075307,-1.3336226851252813,-1.643431158727091,-2.4746655734457095
0,carton_front_l2_c0,105,-1.330699343023996,-1.8812252909099612,-1.8608283716668175,-1.3197625434446483,-1.6820452894910831,-2.4626693112291287
0,carton_front_l2_c0,106,-1.2910463558296996,-1.8961456387674835,-1.8576601603261043,-1.305902401764015,-1.7206594202550753,-2.450673049012548
0,carton_front_l2_c0,107,-1.2513933686354033,-1.911065986625006,-1.854491948985391,-1.292042260083382,-1.7592735510190676,-2.438676786795967
0,carton_front_l2_c0,108,-1.211740381441107,-1.9259863344825285,-1.851323737644678,-1.278182118402749,-1.79788768178306,-2.426680524579386
0,carton_front_l2_c0,109,-1.1720873942468106,-1.940906682340051,-1.8481555263039648,-1.2643219767221159,-1.8365018125470522,-2.414684262362805
0,carton_front_l2_c0,110,-1.1324344070525143,-1.9558270301975733,-1.8449873149632516,-1.250461835041483,-1.8751159433110445,-2.4026880001462243
0,carton_front_l2_c0,111,-1.092781419858218,-1.970747378055096,-1.8418191036225384,-1.2366016933608497,-1.913730074075037,-2.3906917379296435
0,carton_front_l2_c0,112,-1.0531284326639216,-1.9856677259126183,-1.8386508922818252,-1.2227415516802167,-1.9523442048390292,-2.3786954757130627
0,carton_front_l2_c0,113,-1.0420470234303767,-2.0082843539495836,-1.8539715413789781,-1.2019597605506134,-1.938470218502879,-2.3404228817121373
0,carton_front_l2_c0,114,-1.0309656141968315,-2.030900981986549,-1.869292190476131,-1.18117796942101,-1.9245962321667287,-2.3021502877112123
0,carton_front_l2_c0,115,-1.0198842049632866,-2.0535176100235137,-1.884612839573284,-1.1603961782914067,-1.9107222458305786,-2.2638776937102874
0,carton_front_l2_c0,116,-1.0088027957297416,-2.076134238060479,-1.8999334886704367,-1.1396143871618034,-1.8968482594944283,-2.225605099709362
0,carton_front_l2_c0,117,-0.9977213864961966,-2.0987508660974443,-1.9152541377675896,-1.1188325960322,-1.8829742731582781,-2.1873325057084365
0,carton_front_l2_c0,118,-0.9866399772626515,-2.1213674941344096,-1.9305747868647425,-1.0980508049025968,-1.8691002868221278,-2.1490599117075115
0,carton_front_l2_c0,119,-0.9755585680291065,-2.143984122171375,-1.9458954359618954,-1.0772690137729937,-1.8552263004859777,-2.1107873177065866
0,carton_front_l2_c0,120,-0.9644771587955615,-2.1666007502083398,-1.9612160850590483,-1.0564872226433901,-1.8413523141498274,-2.072514723705661
0,carton_front_l2_c0,121,-0.9533957495620164,-2.189217378245305,-1.9765367341562012,-1.035705431513787,-1.8274783278136773,-2.0342421297047357
0,carton_front_l2_c0,122,-0.9423143403284714,-2.2118340062822703,-1.9918573832533542,-1.0149236403841837,-1.813604341477527,-1.9959695357038107
0,carton_front_l2_c0,123,-0.9312329310949264,-2.2344506343192356,-2.007178032350507,-0.9941418492545804,-1.7997303551413768,-1.9576969417028856
0,carton_front_l2_c0,124,-0.9201515218613814,-2.257067262356201,-2.0224986814476598,-0.9733600581249771,-1.7858563688052265,-1.9194243477019604
0,carton_front_l2_c0,125,-0.9090701126278363,-2.2796838903931658,-2.0378193305448127,-0.9525782669953737,-1.7719823824690764,-1.8811517537010352
0,carton_front_l2_c0,126,-0.8979887033942914,-2.302300518430131,-2.0531399796419656,-0.9317964758657704,-1.758108396132926,-1.84287915970011
0,carton_front_l2_c0,127,-0.8869072941607463,-2.3249171464670964,-2.0684606287391185,-0.9110146847361671,-1.744234409796776,-1.8046065656991848
0,carton_front_l2_c0,128,-0.8781031969052697,-2.329092917847535,-2.0289451536892638,-0.9032104889396848,-1.7193632843328188,-1.7757251448231957
0,carton_front_l2_c0,129,-0.8692990996497931,-2.3332686892279737,-1.9894296786394088,-0.8954062931432026,-1.694492158868862,-1.7468437239472066
0,carton_front_l2_c0,130,-0.8604950023943164,-2.3374444606084124,-1.9499142035895538,-0.8876020973467204,-1.6696210334049049,-1.7179623030712174
0,carton_front_l2_c0,131,-0.8516909051388398,-2.341620231988851,-1.9103987285396988,-0.8797979015502382,-1.6447499079409478,-1.6890808821952281
0,carton_front_l2_c0,132,-0.8428868078833632,-2.3457960033692897,-1.8708832534898439,-0.8719937057537559,-1.619878782476991,-1.660199461319239
0,carton_front_l2_c0,133,-0.8340827106278866,-2.349971774749729,-1.831367778439989,-0.8641895099572737,-1.5950076570130338,-1.63131804044325
0,carton_front_l2_c0,134,-0.82527861337241,-2.3541475461301675,-1.7918523033901341,-0.8563853141607914,-1.5701365315490767,-1.6024366195672608
0,carton_front_l2_c0,135,-0.8164745161169333,-2.358323317510606,-1.7523368283402792,-0.8485811183643093,-1.5452654060851199,-1.5735551986912717
0,carton_front_l2_c0,136,-0.8076704188614567,-2.362499088891045,-1.7128213532904244,-0.840776922567827,-1.5203942806211628,-1.5446737778152826
0,carton_front_l2_c0,137,-0.7988663216059801,-2.3666748602714835,-1.6733058782405694,-0.8329727267713448,-1.4955231551572057,-1.5157923569392935
0,carton_front_l2_c0,138,-0.7900622243505036,-2.3708506316519222,-1.6337904031907144,-0.8251685309748625,-1.4706520296932488,-1.4869109360633044
0,carton_front_l2_c0,139,-0.781258127095027,-2.375026403032361,-1.5942749281408595,-0.8173643351783804,-1.4457809042292917,-1.4580295151873153
0,carton_front_l2_c0,140,-0.7724540298395502,-2.3792021744127996,-1.5547594530910045,-0.8095601393818981,-1.4209097787653349,-1.429148094311326
0,carton_front_l2_c0,141,-0.7636499325840737,-2.3833779457932383,-1.5152439780411497,-0.8017559435854159,-1.3960386533013778,-1.4002666734353368
0,carton_front_l2_c0,142,-0.7548458353285971,-2.387553717173677,-1.4757285029912948,-0.7939517477889336,-1.3711675278374207,-1.3713852525593477
0,carton_front_l2_c0,143,-0.7460417380731205,-2.391729488554116,-1.4362130279414398,-0.7861475519924515,-1.3462964023734636,-1.3425038316833586
0,carton_front_l2_c0,144,-0.7372376408176439,-2.3959052599345547,-1.396697552891585,-0.7783433561959692,-1.3214252769095067,-1.3136224108073695
0,carton_front_l2_c0,145,-0.7284335435621672,-2.4000810313149934,-1.35718207784173,-0.770539160399487,-1.2965541514455496,-1.2847409899313804
0,carton_front_l2_c0,146,-0.7196294463066906,-2.404256802695432,-1.317666602791875,-0.7627349646030047,-1.2716830259815928,-1.2558595690553913
0,carton_front_l2_c0,147,-0.710825349051214,-2.4084325740758707,-1.2781511277420203,-0.7549307688065225,-1.2468119005176357,-1.226978148179402
0,carton_front_l2_c0,148,-0.7020212517957374,-2.4126083454563094,-1.2386356526921651,-0.7471265730100403,-1.2219407750536786,-1.1980967273034129
0,carton_front_l2_c0,149,-0.6932171545402608,-2.416784116836748,-1.1991201776423104,-0.7393223772135581,-1.1970696495897215,-1.1692153064274238
0,carton_front_l2_c0,150,-0.6844130572847842,-2.4209598882171868,-1.1596047025924556,-0.7315181814170759,-1.1721985241257646,-1.140333885551435
0,carton_front_l2_c0,151,-0.6756089600293075,-2.4251356595976254,-1.1200892275426004,-0.7237139856205936,-1.1473273986618078,-1.1114524646754456
0,carton_front_l2_c0,152,-0.6668048627738309,-2.429311430978064,-1.0805737524927457,-0.7159097898241114,-1.1224562731978507,-1.0825710437994565
0,carton_front_l2_c0,153,-0.6580007655183543,-2.433487202358503,-1.0410582774428907,-0.7081055940276292,-1.0975851477338936,-1.0536896229234674
0,carton_front_l2_c0,154,-0.6491966682628777,-2.4376629737389415,-1.001542802393036,-0.700301398231147,-1.0727140222699365,-1.0248082020474782
0,carton_front_l2_c0,155,-0.640392571007401,-2.4418387451193806,-0.962027327343181,-0.6924972024346647,-1.0478428968059794,-0.995926781171489
0,carton_front_l2_c0,156,-0.6315884737519244,-2.4460145164998193,-0.922511852293326,-0.6846930066381824,-1.0229717713420226,-0.9670453602954999
0,carton_front_l2_c0,157,-0.6227843764964478,-2.450190287880258,-0.882996377243471,-0.6768888108417003,-0.9981006458780655,-0.9381639394195107
0,carton_front_l2_c0,158,-0.6139802792409712,-2.4543660592606966,-0.8434809021936163,-0.669084615045218,-0.9732295204141086,-0.9092825185435217
0,carton_front_l2_c0,159,-0.6051761819854946,-2.4585418306411353,-0.8039654271437613,-0.6612804192487358,-0.9483583949501515,-0.8804010976675325
0,carton_front_l2_c0,160,-0.596372084730018,-2.462717602021574,-0.7644499520939063,-0.6534762234522535,-0.9234872694861945,-0.8515196767915434
0,carton_front_l2_c0,161,-0.5875679874745414,-2.4668933734020126,-0.7249344770440516,-0.6456720276557714,-0.8986161440222376,-0.8226382559155543
0,carton_front_l2_c0,162,-0.5787638902190647,-2.4710691447824513,-0.6854190019941966,-0.6378678318592891,-0.8737450185582805,-0.7937568350395652
0,carton_front_l2_c0,163,-0.5699597929635881,-2.47524491616289,-0.6459035269443416,-0.6300636360628069,-0.8488738930943235,-0.7648754141635761
0,carton_front_l2_c0,164,-0.5611556957081114,-2.4794206875433287,-0.6063880518944866,-0.6222594402663246,-0.8240027676303664,-0.7359939932875867
0,carton_front_l2_c0,165,-0.5523515984526348,-2.483596458923768,-0.5668725768446317,-0.6144552444698423,-0.7991316421664094,-0.7071125724115976
0,carton_front_l2_c0,166,-0.5435475011971582,-2.4877722303042065,-0.5273571017947769,-0.6066510486733602,-0.7742605167024524,-0.6782311515356085
0,carton_front_l2_c0,167,-0.5347434039416816,-2.491948001684645,-0.48784162674492193,-0.598846852876878,-0.7493893912384955,-0.6493497306596194
0,carton_front_l2_c0,168,-0.525939306686205,-2.496123773065084,-0.4483261516950672,-0.5910426570803957,-0.7245182657745384,-0.6204683097836303
0,carton_front_l2_c0,169,-0.5171352094307284,-2.5002995444455225,-0.408810676645212,-0.5832384612839134,-0.6996471403105813,-0.591586888907641
0,carton_front_l2_c0,170,-0.5083311121752517,-2.504475315825961,-0.3692952015953572,-0.5754342654874313,-0.6747760148466244,-0.5627054680316521
0,carton_front_l2_c0,171,-0.49952701491977514,-2.5086510872064,-0.32977972654550225,-0.5676300696909491,-0.6499048893826673,-0.533824047155663
0,carton_front_l2_c0,172,-0.49072291766429854,-2.5128268585868385,-0.2902642514956475,-0.5598258738944668,-0.6250337639187105,-0.5049426262796739
0,carton_front_l2_c0,173,-0.48191882040882195,-2.517002629967277,-0.25074877644579274,-0.5520216780979846,-0.6001626384547534,-0.4760612054036848
0,carton_front_l2_c0,174,-0.4731147231533453,-2.521178401347716,-0.21123330139593754,-0.5442174823015024,-0.5752915129907963,-0.44717978452769547
0,carton_front_l2_c0,175,-0.4643106258978687,-2.5253541727281545,-0.17171782634608257,-0.5364132865050202,-0.5504203875268394,-0.41829836365170636
0,carton_front_l2_c0,176,-0.4555065286423921,-2.5295299441085937,-0.13220235129622782,-0.5286090907085379,-0.5255492620628823,-0.38941694277571726
0,carton_front_l2_c0,177,-0.44670243138691546,-2.5337057154890323,-0.09268687624637284,-0.5208048949120557,-0.5006781365989255,-0.36053552189972815
0,carton_front_l2_c0,178,-0.4378983341314388,-2.537881486869471,-0.05317140119651764,-0.5130006991155734,-0.47580701113496815,-0.3316541010237388
0,carton_front_l2_c0,179,-0.4290942368759622,-2.5420572582499097,-0.013655926146662889,-0.5051965033190913,-0.4509358856710113,-0.30277268014774994
0,carton_front_l2_c0,180,-0.4202901396204856,-2.5462330296303484,0.025859548903191865,-0.497392307522609,-0.4260647602070542,-0.27389125927176083
0,carton_front_l2_c0,181,-0.411486042365009,-2.550408801010787,0.06537502395304662,-0.4895881117261268,-0.4011936347430973,-0.24500983839577173
0,carton_front_l2_c0,182,-0.4026819451095324,-2.5545845723912257,0.10489049900290137,-0.4817839159296446,-0.37632250927914046,-0.21612841751978262
0,carton_front_l2_c0,183,-0.3938778478540557,-2.5587603437716644,0.14440597405275657,-0.4739797201331623,-0.35145138381518315,-0.1872469966437933
0,carton_front_l2_c0,184,-0.3850737505985792,-2.562936115152103,0.18392144910261177,-0.4661755243366801,-0.3265802583512263,-0.1583655757678042
0,carton_front_l2_c0,185,-0.3762696533431025,-2.5671118865325417,0.22343692415246652,-0.45837132854019785,-0.3017091328872692,-0.12948415489181508
0,carton_front_l2_c0,186,-0.3674655560876259,-2.571287657912981,0.2629523992023213,-0.4505671327437157,-0.2768380074233123,-0.10060273401582598
0,carton_front_l2_c0,187,-0.3586614588321493,-2.5754634292934195,0.30246787425217647,-0.4427629369472334,-0.251966881959355,-0.07172131313983665
0,carton_front_l2_c0,188,-0.3498573615766727,-2.579639200673858,0.3419833493020312,-0.43495874115075117,-0.22709575649539815,-0.042839892263847545
0,carton_front_l2_c0,189,-0.3410532643211961,-2.583814972054297,0.381498824351886,-0.42715454535426894,-0.20222463103144128,-0.013958471387858662
0,carton_front_l2_c0,190,-0.3322491670657195,-2.5879907434347356,0.42101429940174073,-0.4193503495577867,-0.1773535055674842,0.014922949488130444
0,carton_front_l2_c0,191,-0.3234450698102428,-2.5921665148151742,0.46052977445159593,-0.4115461537613045,-0.1524823801035271,0.04380437036411977
0,carton_front_l2_c0,192,-0.3146409725547662,-2.596342286195613,0.5000452495014511,-0.40374195796482226,-0.12761125463957002,0.07268579124010888
0,carton_front_l2_c0,193,-0.3058368752992896,-2.6005180575760516,0.5395607245513059,-0.3959377621683401,-0.10274012917561315,0.10156721211609798
0,carton_front_l2_c0,194,-0.297032778043813,-2.6046938289564903,0.5790761996011606,-0.3881335663718578,-0.07786900371165606,0.1304486329920871
0,carton_front_l2_c0,195,-0.2882286807883364,-2.608869600336929,0.6185916746510154,-0.38032937057537564,-0.05299787824769919,0.1593300538680762
0,carton_front_l2_c0,196,-0.2794245835328597,-2.6130453717173676,0.6581071497008706,-0.37252517477889335,-0.028126752783742104,0.18821147474406552
0,carton_front_l2_c0,197,-0.2706204862773831,-2.6172211430978063,0.6976226247507253,-0.36472097898241107,-0.003255627319785015,0.2170928956200544
0,carton_front_l2_c0,198,-0.2618163890219065,-2.6213969144782454,0.7371380998005801,-0.3569167831859289,0.021615498144171852,0.24597431649604373
0,carton_front_l2_c0,199,-0.2530122917664299,-2.625572685858684,0.7766535748504353,-0.3491125873894467,0.04648662360812894,0.2748557373720326
0,carton_front_l2_c0,200,-0.2442081945109532,-2.6297484572391228,0.8161690499002905,-0.34130839159296444,0.07135774907208603,0.30373715824802194
0,carton_front_l2_c0,201,-0.23540409725547662,-2.6339242286195614,0.8556845249501452,-0.33350419579648216,0.09622887453604312,0.33261857912401127
0,carton_front_l2_c0,202,-0.22660000000000002,-2.6381,0.8952,-0.3257,0.12109999999999999,0.36150000000000015
