group,dataset,case_id,status,complete,held_out,reported_plan_s,candidate_ordering_s,comparable_s,time_basis,PTP,LIN,OMPL,IK,prior_queries,prior_hits,prior_misses,prior_timeouts,prior_edge_check_limits,prior_query_s,edge_checks,rejected_edges,timed_out_edges,state_checks,native_solver_s,ik_including_ipc_s,failed_motion_requests,timeout_motion_requests,geometry_input_sha256,diagnostic_input_sha256,comparison_geometry_scope_sha256,source_commit,worker_sha256,source_file,baseline_s,ratio_baseline_over_variant,reduction_percent,pair_input_hashes_match,pair_outcome
A,fixed-first,carton_l07_c03-transit,SUCCESS,True,False,,,21.587374525144696,FIXED_START_GOAL_CONNECTION_WALL,0,0,1,0,0,0,0,0,0,,,,,,21.522113755,,,,f59f984d6b7470edb49819a5b9b2feb629315f32f8b3ffa05f70d25153761246,,,318ec39921a9ed9c3d8665324c10948aa7ed9006,c17c98631468683ab158b8bc72bf4ff69ef53705346b778f9a2f4991d1fbbd16,fixed-first/comparison.json,,,,,
A,fixed-first,carton_l07_c03-transit,PRIOR_NOT_CONNECTED,False,False,,,0.9673431925475597,FIXED_START_GOAL_CONNECTION_WALL,0,0,0,0,1,0,1,0,0,0.91378656,30,29,,1802,0.0,,,,f59f984d6b7470edb49819a5b9b2feb629315f32f8b3ffa05f70d25153761246,,,318ec39921a9ed9c3d8665324c10948aa7ed9006,c17c98631468683ab158b8bc72bf4ff69ef53705346b778f9a2f4991d1fbbd16,fixed-first/comparison.json,21.587374525144696,,,True,NO_SUCCESS_SPEED_RATIO
A,fixed-v3-first,carton_l07_c03-transit,SUCCESS,True,False,,,3.221221376210451,FIXED_START_GOAL_CONNECTION_WALL,0,0,0,0,1,1,0,0,0,3.146421105,29,24,0,4137,0.0,,,,f59f984d6b7470edb49819a5b9b2feb629315f32f8b3ffa05f70d25153761246,,,30c6f3bf058563fcd2ffe23c2523ef71db265809,23432aac551a63dbf366a02eb8ecc9c6aee1c7566e468893bcf52a19d76605f6,fixed-v3-first/comparison.json,21.587374525144696,6.701611595084092,85.07821610053408,True,IMPROVED
A,fixed-v3-rest,carton_l07_c03-pregrasp,SUCCESS,True,False,,,9.67136637121439,FIXED_START_GOAL_CONNECTION_WALL,0,0,1,0,0,0,0,0,0,,,,,,9.595818258,,,,02b04d85349720e28884293d60bbc625ad5d5173281e239cddcefc2cf8c2bf69,,,30c6f3bf058563fcd2ffe23c2523ef71db265809,23432aac551a63dbf366a02eb8ecc9c6aee1c7566e468893bcf52a19d76605f6,fixed-v3-rest/comparison.json,,,,,
A,fixed-v3-rest,carton_l07_c03-pregrasp,SUCCESS,True,False,,,4.929139491170645,FIXED_START_GOAL_CONNECTION_WALL,0,0,0,0,1,1,0,0,0,4.856451702,19,9,0,8998,0.0,,,,02b04d85349720e28884293d60bbc625ad5d5173281e239cddcefc2cf8c2bf69,,,30c6f3bf058563fcd2ffe23c2523ef71db265809,23432aac551a63dbf366a02eb8ecc9c6aee1c7566e468893bcf52a19d76605f6,fixed-v3-rest/comparison.json,9.67136637121439,1.9620800727060559,49.03368043380498,True,IMPROVED
A,fixed-v3-rest,carton_l07_c04-transit,SUCCESS,True,False,,,16.516251351684332,FIXED_START_GOAL_CONNECTION_WALL,0,0,1,0,0,0,0,0,0,,,,,,16.450525729,,,,89e2baf8684415750a492c005dbc95c3b203cf525719513a9283e1ea87887703,,,30c6f3bf058563fcd2ffe23c2523ef71db265809,23432aac551a63dbf366a02eb8ecc9c6aee1c7566e468893bcf52a19d76605f6,fixed-v3-rest/comparison.json,,,,,
A,fixed-v3-rest,carton_l07_c04-transit,PRIOR_NOT_CONNECTED,False,False,,,0.7317526135593653,FIXED_START_GOAL_CONNECTION_WALL,0,0,0,0,1,0,1,0,0,0.679361569,29,29,0,1298,0.0,,,,89e2baf8684415750a492c005dbc95c3b203cf525719513a9283e1ea87887703,,,30c6f3bf058563fcd2ffe23c2523ef71db265809,23432aac551a63dbf366a02eb8ecc9c6aee1c7566e468893bcf52a19d76605f6,fixed-v3-rest/comparison.json,16.516251351684332,,,True,NO_SUCCESS_SPEED_RATIO
A,fixed-v3-rest,carton_l07_c03-transit-heldout-j1-plus-0p005,SUCCESS,True,True,,,30.7440596614033,FIXED_START_GOAL_CONNECTION_WALL,0,0,1,0,0,0,0,0,0,,,,,,30.68059397,,,,c6dc74da733ae87f9a6797fea28270360efc47269fa1e216c3dc33653b86c56b,,,30c6f3bf058563fcd2ffe23c2523ef71db265809,23432aac551a63dbf366a02eb8ecc9c6aee1c7566e468893bcf52a19d76605f6,fixed-v3-rest/comparison.json,,,,,
A,fixed-v3-rest,carton_l07_c03-transit-heldout-j1-plus-0p005,SUCCESS,True,True,,,3.3997019212692976,FIXED_START_GOAL_CONNECTION_WALL,0,0,0,0,1,1,0,0,0,3.326482987,29,24,0,4511,0.0,,,,c6dc74da733ae87f9a6797fea28270360efc47269fa1e216c3dc33653b86c56b,,,30c6f3bf058563fcd2ffe23c2523ef71db265809,23432aac551a63dbf366a02eb8ecc9c6aee1c7566e468893bcf52a19d76605f6,fixed-v3-rest/comparison.json,30.7440596614033,9.043163304718442,88.94192257394897,True,IMPROVED
A,fixed-v3-rest,carton_l07_c04-transit-heldout-j1-plus-0p005,SUCCESS,True,True,,,17.24376219511032,FIXED_START_GOAL_CONNECTION_WALL,0,0,1,0,0,0,0,0,0,,,,,,17.181943945,,,,25ab39b038341e363c0f848f2b55033de0fc35cf23707129277f63f453102b7a,,,30c6f3bf058563fcd2ffe23c2523ef71db265809,23432aac551a63dbf366a02eb8ecc9c6aee1c7566e468893bcf52a19d76605f6,fixed-v3-rest/comparison.json,,,,,
A,fixed-v3-rest,carton_l07_c04-transit-heldout-j1-plus-0p005,PRIOR_NOT_CONNECTED,False,True,,,0.9893841780722141,FIXED_START_GOAL_CONNECTION_WALL,0,0,0,0,1,0,1,0,0,0.936672477,29,29,0,1806,0.0,,,,25ab39b038341e363c0f848f2b55033de0fc35cf23707129277f63f453102b7a,,,30c6f3bf058563fcd2ffe23c2523ef71db265809,23432aac551a63dbf366a02eb8ecc9c6aee1c7566e468893bcf52a19d76605f6,fixed-v3-rest/comparison.json,17.24376219511032,,,True,NO_SUCCESS_SPEED_RATIO
B,baseline-carton_l07_c03,carton_l07_c03,SUCCESS,True,,44.84389655292034,,44.84389655292034,PLAN_BOX_EXCLUDING_NEW_ORDERING_BASELINE_ORDERING_WAS_IN_SCENE_UPDATE,20,9,2,37,0,,,0,0,,0,0,0,0,41.222120855,1.0000137686729431,25,0,,fd85798a823a1167d0a871d43d4fdfef85fa21cc0f54115cede2c85dee9967cc,60c15a8ae9740db9503c1d6daa1b63f884db0734276d67e85e495cb8847b1edf,f7846bee960d290de695312b0e2ded0ef4975034,5126aa3275288827554ab8e14db98d1e3eca8b5191645cb3430892a35e049d09,baseline-carton_l07_c03/timing.json,,,,,
B,baseline-carton_l07_c04,carton_l07_c04,SUCCESS,True,,31.07781540043652,,31.07781540043652,PLAN_BOX_EXCLUDING_NEW_ORDERING_BASELINE_ORDERING_WAS_IN_SCENE_UPDATE,20,6,2,39,0,,,0,0,,0,0,0,0,27.747268790000003,1.0073374286293983,21,0,,380da9e9eef2478c2c16730960f03070d5c6c5a6e296ec99a2d1d5cff030a4cf,8deed840a22aeadc3d23134106b486a5a947280c0cd8cbb5de1ec821dc4c788e,f7846bee960d290de695312b0e2ded0ef4975034,5126aa3275288827554ab8e14db98d1e3eca8b5191645cb3430892a35e049d09,baseline-carton_l07_c04/timing.json,,,,,
B,optimized-carton_l07_c03,carton_l07_c03,SUCCESS,True,,9.22967086918652,0.0458698645234108,9.18380100466311,PLAN_BOX_EXCLUDING_NEW_ORDERING_BASELINE_ORDERING_WAS_IN_SCENE_UPDATE,0,4,0,3,2,2,0,0,0,7.875139889,48,33,0,13135,0.250067629,0.07034328207373619,0,0,,fd85798a823a1167d0a871d43d4fdfef85fa21cc0f54115cede2c85dee9967cc,60c15a8ae9740db9503c1d6daa1b63f884db0734276d67e85e495cb8847b1edf,30c6f3bf058563fcd2ffe23c2523ef71db265809,23432aac551a63dbf366a02eb8ecc9c6aee1c7566e468893bcf52a19d76605f6,optimized-carton_l07_c03/timing.json,44.84389655292034,4.8829342589359985,79.52051068125783,True,IMPROVED
B,optimized-carton_l07_c04,carton_l07_c04,SUCCESS,True,,78.66196750104427,0.03992966189980507,78.62203783914447,PLAN_BOX_EXCLUDING_NEW_ORDERING_BASELINE_ORDERING_WAS_IN_SCENE_UPDATE,6,4,1,13,8,1,7,0,2,52.896417695000004,370,265,0,92415,23.717508541,0.21296885050833225,14,0,,380da9e9eef2478c2c16730960f03070d5c6c5a6e296ec99a2d1d5cff030a4cf,8deed840a22aeadc3d23134106b486a5a947280c0cd8cbb5de1ec821dc4c788e,30c6f3bf058563fcd2ffe23c2523ef71db265809,23432aac551a63dbf366a02eb8ecc9c6aee1c7566e468893bcf52a19d76605f6,optimized-carton_l07_c04/timing.json,31.07781540043652,0.3952812246360199,-152.98444187952845,True,REGRESSED_OR_EQUAL
B,tuned-carton_l07_c03,carton_l07_c03,SUCCESS,True,,9.33055597729981,0.04736887104809284,9.283187106251717,PLAN_BOX_EXCLUDING_NEW_ORDERING_BASELINE_ORDERING_WAS_IN_SCENE_UPDATE,0,4,0,3,2,2,0,0,0,7.739565734999999,27,11,0,12929,0.31815589099999997,0.07095039635896683,0,0,,fd85798a823a1167d0a871d43d4fdfef85fa21cc0f54115cede2c85dee9967cc,60c15a8ae9740db9503c1d6daa1b63f884db0734276d67e85e495cb8847b1edf,00352b6ff2ab3114b5248b266a0f3e955dd30f08,23432aac551a63dbf366a02eb8ecc9c6aee1c7566e468893bcf52a19d76605f6,tuned-carton_l07_c03/timing.json,44.84389655292034,4.830657406734853,79.29888386193957,True,IMPROVED
B,tuned-carton_l07_c04,carton_l07_c04,SUCCESS,True,,16.26967160217464,0.03982180543243885,16.2298497967422,PLAN_BOX_EXCLUDING_NEW_ORDERING_BASELINE_ORDERING_WAS_IN_SCENE_UPDATE,2,5,0,8,4,2,2,2,0,14.262401118,118,82,2,25071,0.51769911,0.14241813495755196,4,2,,380da9e9eef2478c2c16730960f03070d5c6c5a6e296ec99a2d1d5cff030a4cf,8deed840a22aeadc3d23134106b486a5a947280c0cd8cbb5de1ec821dc4c788e,00352b6ff2ab3114b5248b266a0f3e955dd30f08,23432aac551a63dbf366a02eb8ecc9c6aee1c7566e468893bcf52a19d76605f6,tuned-carton_l07_c04/timing.json,31.07781540043652,1.9148553923570344,47.776735309026144,True,IMPROVED
