ompl_stage,parent_stage,stage,historical_solver_s,baseline_solver_s,next_place_stage,place_branch,place_solver_success,place_waypoints,translation_delta_m,rotation_delta_rad,goal_xyz_m,transit_goal_q,baseline_candidate_id
14,9,transit,17.9475451,18.763891003,planning-only-282b619c170944198c3a9c2a547a5b89:15,INSUFFICIENT_WAYPOINTS,True,1,3.5436995800737574e-10,5.296885786878826e-10,"[-0.3600000334778157, -0.8399997338288373, 1.1924999946406372]","[-0.8894295385856656, 0.4444828226394612, -0.05924999032114456, -1.7021837714196668e-07, -1.067063211941465, -2.252163026270358]",8847cc6f1ca8ff3b0c93f75fc6e76244d18ab32c0bf2b9067648101d10e5f4ef
20,9,transit,23.163364831,7.622662764,planning-only-282b619c170944198c3a9c2a547a5b89:21,INSUFFICIENT_WAYPOINTS,True,1,2.9677319618028997e-10,6.003782289130524e-10,"[-0.3600000334778157, -0.8399997338288373, 1.2024999946406372]","[-0.8894295385760485, 0.4407556248622276, -0.054395392104847305, -1.694650844055761e-07, -1.0756450078847588, -2.2521630278795333]",8847cc6f1ca8ff3b0c93f75fc6e76244d18ab32c0bf2b9067648101d10e5f4ef
26,9,transit,8.492494797,22.791277622,planning-only-282b619c170944198c3a9c2a547a5b89:27,INSUFFICIENT_WAYPOINTS,True,1,2.442569089477493e-10,6.643288779957048e-10,"[-0.3600000334778157, -0.8399997338288373, 1.2124999946406372]","[-0.8894295385671562, 0.4371177016835946, -0.04943206839542504, -1.6872001960112706e-07, -1.084246254722425, -2.252163029487308]",8847cc6f1ca8ff3b0c93f75fc6e76244d18ab32c0bf2b9067648101d10e5f4ef
33,9,transit,6.507787282,17.782327979,planning-only-282b619c170944198c3a9c2a547a5b89:34,INSUFFICIENT_WAYPOINTS,True,1,3.495423800201364e-10,1.1936857802533293e-09,"[-0.36000003347781556, -0.18999992533148832, 1.1924999946406372]","[-0.5101726810311256, -0.006733342940805596, -0.5991672757964197, -3.089379463977937e-08, -0.9783620577921683, -2.6314199491283947]",8847cc6f1ca8ff3b0c93f75fc6e76244d18ab32c0bf2b9067648101d10e5f4ef
40,9,transit,17.694222547,8.925526081,planning-only-282b619c170944198c3a9c2a547a5b89:41,INSUFFICIENT_WAYPOINTS,True,1,3.3450801266868436e-10,1.0677005410580406e-09,"[-0.36000003347781556, -0.18999992533148832, 1.2024999946406372]","[-0.5101726810394867, -0.01182471723647304, -0.5938427204589706, -3.071483794996684e-08, -0.988777987578172, -2.6314199495003696]",8847cc6f1ca8ff3b0c93f75fc6e76244d18ab32c0bf2b9067648101d10e5f4ef
47,9,transit,7.051990023,5.721411002,planning-only-282b619c170944198c3a9c2a547a5b89:48,INSUFFICIENT_WAYPOINTS,True,1,3.1065033619822943e-10,9.331491983398884e-10,"[-0.36000003347781556, -0.18999992533148832, 1.2124999946406372]","[-0.5101726810513508, -0.016786757959811206, -0.5884152697334891, -3.057188058735788e-08, -0.9991674791716583, -2.6314199498362023]",8847cc6f1ca8ff3b0c93f75fc6e76244d18ab32c0bf2b9067648101d10e5f4ef
54,9,transit,60.539641661,60.712902994,planning-only-282b619c170944198c3a9c2a547a5b89:55,INSUFFICIENT_WAYPOINTS,True,1,2.806663444950094e-09,5.3995765701609444e-09,"[-0.4099999253314885, -0.522500005359363, 0.7749999665221847]","[-0.45486622101533647, 0.7734208824156592, -0.7267359294728798, -1.1169149792907243, 1.5397825602661894, -3.078115399113415]",8847cc6f1ca8ff3b0c93f75fc6e76244d18ab32c0bf2b9067648101d10e5f4ef
61,9,transit,46.601738989,45.270624938,planning-only-282b619c170944198c3a9c2a547a5b89:62,INSUFFICIENT_WAYPOINTS,True,1,2.0795012476270584e-09,4.212590309143632e-09,"[-0.4099999253314885, -0.522500005359363, 0.7849999665221847]","[-0.454866221565027, 0.7605345893887957, -0.7315554065165017, -1.1171527497214182, 1.5362464525104227, -3.070861018220604]",8847cc6f1ca8ff3b0c93f75fc6e76244d18ab32c0bf2b9067648101d10e5f4ef
68,9,transit,48.911622924,33.837437131,planning-only-282b619c170944198c3a9c2a547a5b89:69,INSUFFICIENT_WAYPOINTS,True,1,1.5646896432371152e-09,3.3315141236390367e-09,"[-0.4099999253314885, -0.522500005359363, 0.7949999665221847]","[-0.4548662219570535, 0.7476345518854646, -0.7362640670710693, -1.1174204847868114, 1.5326576038413748, -3.063492805786812]",8847cc6f1ca8ff3b0c93f75fc6e76244d18ab32c0bf2b9067648101d10e5f4ef
75,9,transit,35.72393645,14.112308294,planning-only-282b619c170944198c3a9c2a547a5b89:76,INSUFFICIENT_WAYPOINTS,True,1,1.3902202546170238e-07,3.58402453417455e-07,"[-0.41000007466851185, -0.8399998419751644, 1.1924999946406372]","[-0.9153039030401768, 0.41183429794649085, -0.10409024518032556, -4.001063019626848e-07, -1.0548716522310722, -0.6554920125920639]",8847cc6f1ca8ff3b0c93f75fc6e76244d18ab32c0bf2b9067648101d10e5f4ef
82,9,transit,5.283115651,4.189215742,planning-only-282b619c170944198c3a9c2a547a5b89:83,INSUFFICIENT_WAYPOINTS,True,1,1.1477327751738557e-07,2.8377109402747177e-07,"[-0.41000007466851185, -0.8399998419751644, 1.2024999946406372]","[-0.915303894193185, 0.40799290061877236, -0.09925349604656745, -3.824927948322277e-07, -1.063549861493651, -0.6554920716050657]",8847cc6f1ca8ff3b0c93f75fc6e76244d18ab32c0bf2b9067648101d10e5f4ef
89,9,transit,11.021580667,7.560511509,planning-only-282b619c170944198c3a9c2a547a5b89:90,INSUFFICIENT_WAYPOINTS,True,1,9.45148238995389e-08,2.2284457793902717e-07,"[-0.41000007466851185, -0.8399998419751644, 1.2124999946406372]","[-0.9153038866368861, 0.40424182718695256, -0.09430952705450242, -3.6912735135782165e-07, -1.0722449550358988, -0.6554921206279674]",8847cc6f1ca8ff3b0c93f75fc6e76244d18ab32c0bf2b9067648101d10e5f4ef
95,9,transit,7.799982205,6.137060499,planning-only-282b619c170944198c3a9c2a547a5b89:96,INSUFFICIENT_WAYPOINTS,True,1,1.8730931099618418e-10,2.787921800334323e-10,"[-0.7774999946406371, -0.18999992533148832, 0.7749999665221847]","[-1.347719902857073, 0.7633271207382034, -1.1732490019176425, -1.7795545383971656, -1.65000879900146, 0.35747725681763465]",8847cc6f1ca8ff3b0c93f75fc6e76244d18ab32c0bf2b9067648101d10e5f4ef
100,9,transit,9.913259488,10.108969912,planning-only-282b619c170944198c3a9c2a547a5b89:101,INSUFFICIENT_WAYPOINTS,True,1,7.852381333889002e-11,1.1990625019717227e-10,"[-0.7774999946406371, -0.18999992533148832, 0.7849999665221847]","[-1.347719902720073, 0.7425357518125494, -1.180960093598514, -1.780552705421752, -1.6472915503149568, 0.3446434484259783]",8847cc6f1ca8ff3b0c93f75fc6e76244d18ab32c0bf2b9067648101d10e5f4ef
105,9,transit,13.227819236,7.165305675,planning-only-282b619c170944198c3a9c2a547a5b89:106,INSUFFICIENT_WAYPOINTS,True,1,3.226566544642334e-11,5.022226899500498e-11,"[-0.7774999946406371, -0.18999992533148832, 0.7949999665221847]","[-1.3477199026620754, 0.7214294406470494, -1.1885650606376992, -1.7815460288650795, -1.6444736788951828, 0.3314021234626713]",8847cc6f1ca8ff3b0c93f75fc6e76244d18ab32c0bf2b9067648101d10e5f4ef
121,9,transit,49.315623231,45.025239205,planning-only-282b619c170944198c3a9c2a547a5b89:122,INSUFFICIENT_WAYPOINTS,True,1,1.857580867600073e-08,1.1191359899615233e-10,"[-0.40999992533148855, -0.8399997750195336, 1.1924999946406372]","[-0.9153035732586069, 0.4118343698593353, -0.10409028931732922, -3.1415923113819835, 1.054871511097872, -0.6554929160060092]",8847cc6f1ca8ff3b0c93f75fc6e76244d18ab32c0bf2b9067648101d10e5f4ef
128,9,transit,55.433783357,67.386072454,planning-only-282b619c170944198c3a9c2a547a5b89:129,INSUFFICIENT_WAYPOINTS,True,1,2.9446109318868126e-10,2.476351134459442e-11,"[-0.40999992533148855, -0.8399997750195336, 1.2024999946406372]","[-0.9153035723712574, 0.40799294245933987, -0.09925354052672156, -3.1415923129903476, 1.0635496873449006, -0.6554929135783031]",8847cc6f1ca8ff3b0c93f75fc6e76244d18ab32c0bf2b9067648101d10e5f4ef
135,9,transit,52.426628284,32.823210782,planning-only-282b619c170944198c3a9c2a547a5b89:136,INSUFFICIENT_WAYPOINTS,True,1,1.6015013125652713e-10,1.8418689679764784e-10,"[-0.40999992533148855, -0.8399997750195336, 1.2124999946406372]","[-0.9153035723754978, 0.4042418425250961, -0.09430958744697257, -3.141592314695988, 1.0722447402881414, -0.6554929100285454]",8847cc6f1ca8ff3b0c93f75fc6e76244d18ab32c0bf2b9067648101d10e5f4ef
142,9,transit,22.946938651,8.687215002,planning-only-282b619c170944198c3a9c2a547a5b89:143,ACCEPTED,True,2,3.861015495160267e-06,8.725915495097702e-06,"[-0.41000007466851174, -0.2400000334778155, 1.1924999946406372]","[-0.5727189809491202, -0.02597506674404136, -0.6181168570380426, 5.331748710169729e-06, -0.9786490726199099, -0.9980851257647576]",8847cc6f1ca8ff3b0c93f75fc6e76244d18ab32c0bf2b9067648101d10e5f4ef
